"","country","continent","year","lifeExp","pop","gdpPercap"
"1","France","Europe",2007,80.657,61083916,30470.0167
"2","Iceland","Europe",2007,81.757,301931,36180.78919
"3","Spain","Europe",2007,80.941,40448191,28821.0637
"4","Sweden","Europe",2007,80.884,9031088,33859.74835
"5","Switzerland","Europe",2007,81.701,7554661,37506.41907
