"","country","continent","year","lifeExp","pop","gdpPercap"
"1","Iceland","Europe",2007,81.757,301931,36180.78919
"2","Netherlands","Europe",2007,79.762,16570613,36797.93332
"3","Norway","Europe",2007,80.196,4627926,49357.19017
"4","Sweden","Europe",2007,80.884,9031088,33859.74835
"5","Switzerland","Europe",2007,81.701,7554661,37506.41907
