"country","continent","year","lifeExp","pop","gdpPercap"
"Iceland","Europe",2007,81.757,301931,36180.78919
"Netherlands","Europe",2007,79.762,16570613,36797.93332
"Norway","Europe",2007,80.196,4627926,49357.19017
"Sweden","Europe",2007,80.884,9031088,33859.74835
"Switzerland","Europe",2007,81.701,7554661,37506.41907
